{"stats":{"minecraft:custom":{"minecraft:jump":25,"minecraft:time_since_rest":2355,"minecraft:leave_game":1,"minecraft:walk_on_water_one_cm":1753,"minecraft:sprint_one_cm":931,"minecraft:play_time":2355,"minecraft:damage_taken":50,"minecraft:time_since_death":2355,"minecraft:walk_one_cm":2825,"minecraft:total_world_time":2355,"minecraft:walk_under_water_one_cm":1382,"minecraft:fall_one_cm":1019,"minecraft:fly_one_cm":1490},"minecraft:mined":{"minecraft:short_grass":3,"minecraft:tall_grass":1,"minecraft:grass_block":1,"minecraft:dirt":1},"minecraft:picked_up":{"minecraft:wheat_seeds":1,"minecraft:dirt":2},"minecraft:used":{"minecraft:dirt":2}},"DataVersion":3839}