{"stats":{"minecraft:custom":{"minecraft:time_since_rest":3421,"minecraft:play_time":10162,"minecraft:interact_with_furnace":1,"minecraft:sprint_one_cm":8464,"minecraft:walk_one_cm":11535,"minecraft:damage_taken":260,"minecraft:deaths":3,"minecraft:walk_under_water_one_cm":313,"minecraft:mob_kills":1,"minecraft:jump":92,"minecraft:damage_dealt":114,"minecraft:leave_game":1,"minecraft:time_since_death":3401,"minecraft:walk_on_water_one_cm":646,"minecraft:total_world_time":10162,"minecraft:talked_to_villager":1,"minecraft:fall_one_cm":2805,"minecraft:fly_one_cm":15446},"minecraft:picked_up":{"minecraft:sand":1,"minecraft:white_bed":1},"minecraft:used":{"minecraft:sand":1,"minecraft:white_bed":1},"minecraft:mined":{"minecraft:white_bed":1,"minecraft:sand":1,"minecraft:packed_ice":4}},"DataVersion":3839}